뮌令휑,넣꾑숌냔,데貫씐令
2024/8/31,3Rivers*, 1.0000 
2024/9/30,3Rivers*, 1.1796 
2024/10/31,3Rivers*, 1.1218 
2024/11/30,3Rivers*, 1.1786 
2024/12/31,3Rivers*, 1.1728 
2025/1/31,3Rivers*, 1.2129 
2025/2/28,3Rivers*, 1.2580 
2025/3/31,3Rivers*, 1.3013 
2025/4/30,3Rivers*, 1.2737 
2025/5/31,3Rivers*, 1.3081 
2025/6/30,3Rivers*, 1.3994 
2025/7/31,3Rivers*, 1.4428 
2025/8/31,3Rivers*, 1.5563 
2025/9/30,3Rivers*, 1.6788 
2025/10/31,3Rivers*, 1.7015 
2025/11/30,3Rivers*, 1.6786 
2025/12/31,3Rivers*, 1.6778 
2026/1/31,3Rivers*, 1.8119 
2022/3/31,AIIM*, 1.0000 
2022/4/30,AIIM*, 1.0178 
2022/5/31,AIIM*, 1.0193 
2022/6/30,AIIM*, 1.0099 
2022/7/31,AIIM*, 1.0170 
2022/8/31,AIIM*, 1.0480 
2022/9/30,AIIM*, 0.9855 
2022/10/31,AIIM*, 0.9613 
2022/11/30,AIIM*, 0.9870 
2022/12/31,AIIM*, 0.9951 
2023/1/31,AIIM*, 1.0236 
2023/2/28,AIIM*, 0.9450 
2023/3/31,AIIM*, 0.9381 
2023/4/30,AIIM*, 0.8732 
2023/5/31,AIIM*, 0.8340 
2023/6/30,AIIM*, 0.8543 
2023/7/31,AIIM*, 0.9374 
2023/8/31,AIIM*, 0.9363 
2023/9/30,AIIM*, 0.9262 
2023/10/31,AIIM*, 0.9181 
2023/11/30,AIIM*, 0.9406 
2023/12/31,AIIM*, 0.9179 
2024/1/31,AIIM*, 0.8527 
2024/2/29,AIIM*, 0.9313 
2024/3/31,AIIM*, 0.9371 
2024/4/30,AIIM*, 1.0143 
2024/5/31,AIIM*, 1.0591 
2024/6/30,AIIM*, 1.0458 
2024/7/31,AIIM*, 1.0410 
2024/8/31,AIIM*, 1.0645 
2024/9/30,AIIM*, 1.2141 
2024/10/31,AIIM*, 1.2893 
2024/11/30,AIIM*, 1.2110 
2024/12/31,AIIM*, 1.2104 
2025/1/31,AIIM*, 1.2181 
2025/2/28,AIIM*, 1.2975 
2025/3/31,AIIM*, 1.2511 
2025/4/30,AIIM*, 1.2353 
2025/5/31,AIIM*, 1.1962 
2025/6/30,AIIM*, 1.2736 
2025/7/31,AIIM*, 1.3229 
2025/8/31,AIIM*, 1.4815 
2025/9/30,AIIM*, 1.6817 
2025/10/31,AIIM*, 1.6965 
2025/11/30,AIIM*, 1.6491 
2025/12/31,AIIM*, 1.7549 
2026/1/31,AIIM*, 2.0321 
2021/11/30,Ariake*, 1.0000 
2021/12/31,Ariake*, 1.0209 
2022/1/31,Ariake*, 1.0587 
2022/2/28,Ariake*, 1.0625 
2022/3/31,Ariake*, 1.0615 
2022/4/30,Ariake*, 1.1755 
2022/5/31,Ariake*, 1.2114 
2022/6/30,Ariake*, 1.3019 
2022/7/31,Ariake*, 1.3046 
2022/8/31,Ariake*, 1.3372 
2022/9/30,Ariake*, 1.3434 
2022/10/31,Ariake*, 1.3510 
2022/11/30,Ariake*, 1.4252 
2022/12/31,Ariake*, 1.5174 
2023/1/31,Ariake*, 1.5693 
2023/2/28,Ariake*, 1.6308 
2023/3/31,Ariake*, 1.5747 
2023/4/30,Ariake*, 1.6944 
2023/5/31,Ariake*, 1.6842 
2023/6/30,Ariake*, 1.8980 
2023/7/31,Ariake*, 2.0460 
2023/8/31,Ariake*, 2.2040 
2023/9/30,Ariake*, 2.4145 
2023/10/31,Ariake*, 2.5760 
2023/11/30,Ariake*, 2.5118 
2023/12/31,Ariake*, 2.4827 
2024/1/31,Ariake*, 2.6858 
2024/2/29,Ariake*, 2.8786 
2024/3/31,Ariake*, 3.0830 
2024/4/30,Ariake*, 3.1576 
2024/5/31,Ariake*, 3.3455 
2024/6/30,Ariake*, 3.4171 
2024/7/31,Ariake*, 3.6180 
2024/8/31,Ariake*, 3.5384 
2024/9/30,Ariake*, 3.3990 
2024/10/31,Ariake*, 3.6325 
2024/11/30,Ariake*, 3.8574 
2024/12/31,Ariake*, 4.0201 
2025/1/31,Ariake*, 4.3968 
2025/2/28,Ariake*, 4.1999 
2025/3/31,Ariake*, 4.8412 
2025/4/30,Ariake*, 5.0208 
2025/5/31,Ariake*, 5.3436 
2025/6/30,Ariake*, 5.3896 
2025/7/31,Ariake*, 5.6731 
2025/8/31,Ariake*, 5.8694 
2025/9/30,Ariake*, 6.0372 
2025/10/31,Ariake*, 6.0632 
2025/11/30,Ariake*, 6.6028 
2025/12/31,Ariake*, 6.8194 
2026/1/31,Ariake*, 7.4584 
2023/11/30,Aspen*, 1.0000 
2023/12/31,Aspen*, 1.1300 
2024/1/31,Aspen*, 1.1097 
2024/2/29,Aspen*, 1.2195 
2024/3/31,Aspen*, 1.2415 
2024/4/30,Aspen*, 1.2663 
2024/5/31,Aspen*, 1.3448 
2024/6/30,Aspen*, 1.3744 
2024/7/31,Aspen*, 1.2933 
2024/8/31,Aspen*, 1.2610 
2024/9/30,Aspen*, 1.4577 
2024/10/31,Aspen*, 1.4781 
2024/11/30,Aspen*, 1.8609 
2024/12/31,Aspen*, 1.7158 
2025/1/31,Aspen*, 1.8204 
2025/2/28,Aspen*, 1.8896 
2025/3/31,Aspen*, 1.7252 
2025/4/30,Aspen*, 1.6476 
2025/5/31,Aspen*, 1.9161 
2025/6/30,Aspen*, 2.0618 
2025/7/31,Aspen*, 2.1319 
2025/8/31,Aspen*, 2.1617 
2025/9/30,Aspen*, 2.4319 
2025/10/31,Aspen*, 2.5389 
2025/11/30,Aspen*, 2.5415 
2025/12/31,Aspen*, 2.5643 
2026/1/31,Aspen*, 3.3080 
2017/4/30,DXF*, 1.0000 
2017/5/31,DXF*, 1.0244 
2017/6/30,DXF*, 1.0448 
2017/7/31,DXF*, 1.1205 
2017/8/31,DXF*, 1.1749 
2017/9/30,DXF*, 1.2030 
2017/10/31,DXF*, 1.2944 
2017/11/30,DXF*, 1.3443 
2017/12/31,DXF*, 1.4152 
2018/1/31,DXF*, 1.5721 
2018/2/28,DXF*, 1.5195 
2018/3/31,DXF*, 1.5158 
2018/4/30,DXF*, 1.4945 
2018/5/31,DXF*, 1.5387 
2018/6/30,DXF*, 1.4561 
2018/7/31,DXF*, 1.4006 
2018/8/31,DXF*, 1.3490 
2018/9/30,DXF*, 1.3793 
2018/10/31,DXF*, 1.2413 
2018/11/30,DXF*, 1.3070 
2018/12/31,DXF*, 1.2418 
2019/1/31,DXF*, 1.3635 
2019/2/28,DXF*, 1.4776 
2019/3/31,DXF*, 1.5397 
2019/4/30,DXF*, 1.5737 
2019/5/31,DXF*, 1.4313 
2019/6/30,DXF*, 1.5149 
2019/7/31,DXF*, 1.5405 
2019/8/31,DXF*, 1.5109 
2019/9/30,DXF*, 1.5178 
2019/10/31,DXF*, 1.5492 
2019/11/30,DXF*, 1.6159 
2019/12/31,DXF*, 1.8059 
2020/1/31,DXF*, 1.7636 
2020/2/29,DXF*, 1.9093 
2020/3/31,DXF*, 1.7319 
2020/4/30,DXF*, 1.9491 
2020/5/31,DXF*, 2.0477 
2020/6/30,DXF*, 2.2894 
2020/7/31,DXF*, 2.5520 
2020/8/31,DXF*, 2.6426 
2020/9/30,DXF*, 2.5477 
2020/10/31,DXF*, 2.7166 
2020/11/30,DXF*, 3.0929 
2020/12/31,DXF*, 3.3202 
2021/1/31,DXF*, 3.4321 
2021/2/28,DXF*, 3.7413 
2021/3/31,DXF*, 3.3982 
2021/4/30,DXF*, 3.6160 
2021/5/31,DXF*, 3.8178 
2021/6/30,DXF*, 3.6945 
2021/7/31,DXF*, 3.7034 
2021/8/31,DXF*, 3.7574 
2021/9/30,DXF*, 3.6567 
2021/10/31,DXF*, 3.7833 
2021/11/30,DXF*, 3.8033 
2021/12/31,DXF*, 3.7227 
2022/1/31,DXF*, 3.5462 
2022/2/28,DXF*, 3.6696 
2022/3/31,DXF*, 3.3287 
2022/4/30,DXF*, 3.2468 
2022/5/31,DXF*, 3.4007 
2022/6/30,DXF*, 3.6595 
2022/7/31,DXF*, 3.5457 
2022/8/31,DXF*, 3.4996 
2022/9/30,DXF*, 3.1297 
2022/10/31,DXF*, 2.8380 
2022/11/30,DXF*, 3.2856 
2022/12/31,DXF*, 3.4170 
2023/1/31,DXF*, 3.8424 
2023/2/28,DXF*, 3.6215 
2023/3/31,DXF*, 3.7327 
2023/4/30,DXF*, 3.6315 
2023/5/31,DXF*, 3.2887 
2023/6/30,DXF*, 3.3732 
2023/7/31,DXF*, 3.5685 
2023/8/31,DXF*, 3.3844 
2023/9/30,DXF*, 3.2832 
2023/10/31,DXF*, 3.2359 
2023/11/30,DXF*, 3.2285 
2023/12/31,DXF*, 3.1423 
2024/1/31,DXF*, 2.8372 
2024/2/29,DXF*, 3.1663 
2024/3/31,DXF*, 3.5038 
2024/4/30,DXF*, 3.7505 
2024/5/31,DXF*, 3.7276 
2024/6/30,DXF*, 3.6862 
2024/7/31,DXF*, 3.5539 
2024/8/31,DXF*, 3.6594 
2024/9/30,DXF*, 4.1432 
2024/10/31,DXF*, 4.0765 
2024/11/30,DXF*, 3.9726 
2024/12/31,DXF*, 4.0417 
2025/1/31,DXF*, 4.1775 
2025/2/28,DXF*, 4.3884 
2025/3/31,DXF*, 4.4911 
2025/4/30,DXF*, 4.3510 
2025/5/31,DXF*, 4.2966 
2025/6/30,DXF*, 4.4797 
2025/7/31,DXF*, 4.5460 
2025/8/31,DXF*, 4.9083 
2025/9/30,DXF*, 5.3883 
2025/10/31,DXF*, 5.2886 
2025/11/30,DXF*, 5.2214 
2025/12/31,DXF*, 5.3964 
2026/1/31,DXF*, 5.7617 
2017/12/31,EGMF, 1.0000 
2018/1/31,EGMF, 1.0120 
2018/2/28,EGMF, 1.0120 
2018/3/31,EGMF, 1.0211 
2018/4/30,EGMF, 1.0150 
2018/5/31,EGMF, 1.0038 
2018/6/30,EGMF, 0.9727 
2018/7/31,EGMF, 0.9620 
2018/8/31,EGMF, 0.9774 
2018/9/30,EGMF, 0.9813 
2018/10/31,EGMF, 0.9833 
2018/11/30,EGMF, 0.9705 
2018/12/31,EGMF, 0.9938 
2019/1/31,EGMF, 0.9987 
2019/2/28,EGMF, 0.9868 
2019/3/31,EGMF, 0.9631 
2019/4/30,EGMF, 0.9708 
2019/5/31,EGMF, 0.9620 
2019/6/30,EGMF, 0.9678 
2019/7/31,EGMF, 0.9939 
2019/8/31,EGMF, 0.9761 
2019/9/30,EGMF, 0.9839 
2019/10/31,EGMF, 0.9829 
2019/11/30,EGMF, 0.9898 
2019/12/31,EGMF, 0.9630 
2020/1/31,EGMF, 0.9409 
2020/2/29,EGMF, 0.9164 
2020/3/31,EGMF, 0.9219 
2020/4/30,EGMF, 1.0372 
2020/5/31,EGMF, 1.0600 
2020/6/30,EGMF, 1.0727 
2020/7/31,EGMF, 1.0448 
2020/8/31,EGMF, 1.0375 
2020/9/30,EGMF, 1.0302 
2020/10/31,EGMF, 0.9911 
2020/11/30,EGMF, 1.0119 
2020/12/31,EGMF, 1.0473 
2021/1/31,EGMF, 1.0421 
2021/2/28,EGMF, 1.0692 
2021/3/31,EGMF, 1.1333 
2021/4/30,EGMF, 1.1957 
2021/5/31,EGMF, 1.1897 
2021/6/30,EGMF, 1.2063 
2021/7/31,EGMF, 1.2148 
2021/8/31,EGMF, 1.2208 
2021/9/30,EGMF, 1.2074 
2021/10/31,EGMF, 1.1760 
2021/11/30,EGMF, 1.1866 
2021/12/31,EGMF, 1.2898 
2022/1/31,EGMF, 1.3530 
2022/2/28,EGMF, 1.3219 
2022/3/31,EGMF, 1.3933 
2022/4/30,EGMF, 1.4226 
2022/5/31,EGMF, 1.4226 
2022/6/30,EGMF, 1.4624 
2022/7/31,EGMF, 1.4463 
2022/8/31,EGMF, 1.4593 
2022/9/30,EGMF, 1.4535 
2022/10/31,EGMF, 1.4390 
2022/11/30,EGMF, 1.4893 
2022/12/31,EGMF, 1.5206 
2023/1/31,EGMF, 1.5252 
2023/2/28,EGMF, 1.5816 
2023/3/31,EGMF, 1.5863 
2023/4/30,EGMF, 1.5705 
2023/5/31,EGMF, 1.5375 
2023/6/30,EGMF, 1.5513 
2023/7/31,EGMF, 1.5839 
2023/8/31,EGMF, 1.5934 
2023/9/30,EGMF, 1.6476 
2023/10/31,EGMF, 1.6937 
2023/11/30,EGMF, 1.7276 
2023/12/31,EGMF, 1.7103 
2024/1/31,EGMF, 1.7719 
2024/2/29,EGMF, 1.7559 
2024/3/31,EGMF, 1.8104 
2024/4/30,EGMF, 1.8086 
2024/5/31,EGMF, 1.7905 
2024/6/30,EGMF, 1.8531 
2024/7/31,EGMF, 1.8087 
2024/8/31,EGMF, 1.8593 
2024/9/30,EGMF, 1.8779 
2024/10/31,EGMF, 1.8573 
2024/11/30,EGMF, 1.8535 
2024/12/31,EGMF, 1.8739 
2025/1/31,EGMF, 1.9526 
2025/2/28,EGMF, 1.9624 
2025/3/31,EGMF, 1.9840 
2025/4/30,EGMF, 2.0514 
2025/5/31,EGMF, 2.0925 
2025/6/30,EGMF, 2.0841 
2025/7/31,EGMF, 1.9945 
2025/8/31,EGMF, 1.9925 
2025/9/30,EGMF, 1.9367 
2025/10/31,EGMF, 1.9483 
2025/11/30,EGMF, 1.9327 
2025/12/31,EGMF, 2.0004 
2026/1/31,EGMF, 1.8768 
2014/7/31,Hao*, 1.0000 
2014/8/31,Hao*, 0.9448 
2014/9/30,Hao*, 1.0481 
2014/10/31,Hao*, 1.0998 
2014/11/30,Hao*, 1.1105 
2014/12/31,Hao*, 1.1749 
2015/1/31,Hao*, 1.3174 
2015/2/28,Hao*, 1.1820 
2015/3/31,Hao*, 1.3874 
2015/4/30,Hao*, 1.7274 
2015/5/31,Hao*, 1.9944 
2015/6/30,Hao*, 2.3432 
2015/7/31,Hao*, 2.5691 
2015/8/31,Hao*, 2.3248 
2015/9/30,Hao*, 2.4085 
2015/10/31,Hao*, 2.7950 
2015/11/30,Hao*, 2.7626 
2015/12/31,Hao*, 2.9234 
2016/1/31,Hao*, 2.7322 
2016/2/29,Hao*, 2.7440 
2016/3/31,Hao*, 2.8480 
2016/4/30,Hao*, 2.8952 
2016/5/31,Hao*, 2.8747 
2016/6/30,Hao*, 2.9494 
2016/7/31,Hao*, 2.8648 
2016/8/31,Hao*, 2.7800 
2016/9/30,Hao*, 2.8217 
2016/10/31,Hao*, 2.7613 
2016/11/30,Hao*, 2.6950 
2016/12/31,Hao*, 2.6206 
2017/1/31,Hao*, 2.5161 
2017/2/28,Hao*, 2.5002 
2017/3/31,Hao*, 2.6050 
2017/4/30,Hao*, 2.6151 
2017/5/31,Hao*, 2.5202 
2017/6/30,Hao*, 2.6175 
2017/7/31,Hao*, 2.5578 
2017/8/31,Hao*, 2.6522 
2017/9/30,Hao*, 2.5779 
2017/10/31,Hao*, 2.7880 
2017/11/30,Hao*, 2.6484 
2017/12/31,Hao*, 2.8496 
2018/1/31,Hao*, 3.0956 
2018/2/28,Hao*, 3.0937 
2018/3/31,Hao*, 3.0854 
2018/4/30,Hao*, 3.0070 
2018/5/31,Hao*, 3.1408 
2018/6/30,Hao*, 2.6590 
2018/7/31,Hao*, 2.5585 
2018/8/31,Hao*, 2.5680 
2018/9/30,Hao*, 2.6807 
2018/10/31,Hao*, 2.6332 
2018/11/30,Hao*, 2.6956 
2018/12/31,Hao*, 2.9353 
2019/1/31,Hao*, 2.8622 
2019/2/28,Hao*, 3.1172 
2019/3/31,Hao*, 3.2450 
2019/4/30,Hao*, 3.3956 
2019/5/31,Hao*, 3.2166 
2019/6/30,Hao*, 2.9767 
2019/7/31,Hao*, 3.2934 
2019/8/31,Hao*, 3.0685 
2019/9/30,Hao*, 2.9924 
2019/10/31,Hao*, 3.6459 
2019/11/30,Hao*, 3.3954 
2019/12/31,Hao*, 3.4009 
2020/1/31,Hao*, 3.1754 
2020/2/29,Hao*, 3.2306 
2020/3/31,Hao*, 3.4584 
2020/4/30,Hao*, 3.4868 
2020/5/31,Hao*, 3.6796 
2020/6/30,Hao*, 3.7532 
2020/7/31,Hao*, 4.0001 
2020/8/31,Hao*, 4.0561 
2020/9/30,Hao*, 4.0521 
2020/10/31,Hao*, 4.0545 
2020/11/30,Hao*, 3.9572 
2020/12/31,Hao*, 4.0814 
2021/1/31,Hao*, 4.6749 
2021/2/28,Hao*, 5.7800 
2021/3/31,Hao*, 6.3754 
2021/4/30,Hao*, 7.3451 
2021/5/31,Hao*, 7.4993 
2021/6/30,Hao*, 6.6361 
2021/7/31,Hao*, 5.9573 
2021/8/31,Hao*, 6.1122 
2021/9/30,Hao*, 6.1892 
2021/10/31,Hao*, 6.0870 
2021/11/30,Hao*, 5.9988 
2021/12/31,Hao*, 5.9166 
2022/1/31,Hao*, 6.3385 
2022/2/28,Hao*, 6.6471 
2022/3/31,Hao*, 8.0357 
2022/4/30,Hao*, 9.3094 
2022/5/31,Hao*, 9.1958 
2022/6/30,Hao*, 8.8022 
2022/7/31,Hao*, 9.3515 
2022/8/31,Hao*, 10.7308 
2022/9/30,Hao*, 11.3682 
2022/10/31,Hao*, 12.0140 
2022/11/30,Hao*, 14.6510 
2022/12/31,Hao*, 14.8371 
2023/1/31,Hao*, 17.3312 
2023/2/28,Hao*, 15.1856 
2023/3/31,Hao*, 16.5584 
2023/4/30,Hao*, 14.5316 
2023/5/31,Hao*, 14.7918 
2023/6/30,Hao*, 15.0092 
2023/7/31,Hao*, 14.6205 
2023/8/31,Hao*, 16.1717 
2023/9/30,Hao*, 16.3189 
2023/10/31,Hao*, 16.9879 
2023/11/30,Hao*, 15.6034 
2023/12/31,Hao*, 15.7860 
2024/1/31,Hao*, 17.1136 
2024/2/29,Hao*, 17.7040 
2024/3/31,Hao*, 18.5184 
2024/4/30,Hao*, 18.8258 
2024/5/31,Hao*, 19.6221 
2024/6/30,Hao*, 20.5071 
2024/7/31,Hao*, 19.7832 
2024/8/31,Hao*, 19.0828 
2024/9/30,Hao*, 17.7413 
2024/10/31,Hao*, 19.3948 
2024/11/30,Hao*, 21.5088 
2024/12/31,Hao*, 23.4425 
2025/1/31,Hao*, 24.4833 
2025/2/28,Hao*, 24.7722 
2025/3/31,Hao*, 24.7276 
2025/4/30,Hao*, 26.4165 
2025/5/31,Hao*, 25.5976 
2025/6/30,Hao*, 25.9509 
2025/7/31,Hao*, 26.7138 
2025/8/31,Hao*, 27.0825 
2025/9/30,Hao*, 27.7758 
2025/10/31,Hao*, 30.5867 
2025/11/30,Hao*, 31.6603 
2025/12/31,Hao*, 33.4998 
2026/1/31,Hao*, 37.1445 
2017/12/31,Millennium, 1.0000 
2018/1/31,Millennium, 1.0210 
2018/2/28,Millennium, 1.0312 
2018/3/31,Millennium, 1.0405 
2018/4/30,Millennium, 1.0405 
2018/5/31,Millennium, 1.0530 
2018/6/30,Millennium, 1.0530 
2018/7/31,Millennium, 1.0477 
2018/8/31,Millennium, 1.0624 
2018/9/30,Millennium, 1.0741 
2018/10/31,Millennium, 1.0623 
2018/11/30,Millennium, 1.0314 
2018/12/31,Millennium, 1.0376 
2019/1/31,Millennium, 1.0501 
2019/2/28,Millennium, 1.0543 
2019/3/31,Millennium, 1.0532 
2019/4/30,Millennium, 1.0574 
2019/5/31,Millennium, 1.0701 
2019/6/30,Millennium, 1.0787 
2019/7/31,Millennium, 1.0873 
2019/8/31,Millennium, 1.1004 
2019/9/30,Millennium, 1.0938 
2019/10/31,Millennium, 1.1058 
2019/11/30,Millennium, 1.1069 
2019/12/31,Millennium, 1.1224 
2020/1/31,Millennium, 1.1246 
2020/2/29,Millennium, 1.1280 
2020/3/31,Millennium, 1.1258 
2020/4/30,Millennium, 1.1584 
2020/5/31,Millennium, 1.1920 
2020/6/30,Millennium, 1.2254 
2020/7/31,Millennium, 1.2425 
2020/8/31,Millennium, 1.2550 
2020/9/30,Millennium, 1.2663 
2020/10/31,Millennium, 1.2777 
2020/11/30,Millennium, 1.3109 
2020/12/31,Millennium, 1.3790 
2021/1/31,Millennium, 1.3832 
2021/2/28,Millennium, 1.4108 
2021/3/31,Millennium, 1.4123 
2021/4/30,Millennium, 1.4320 
2021/5/31,Millennium, 1.4435 
2021/6/30,Millennium, 1.4507 
2021/7/31,Millennium, 1.4565 
2021/8/31,Millennium, 1.4740 
2021/9/30,Millennium, 1.5079 
2021/10/31,Millennium, 1.5003 
2021/11/30,Millennium, 1.5138 
2021/12/31,Millennium, 1.5305 
2022/1/31,Millennium, 1.5550 
2022/2/28,Millennium, 1.5596 
2022/3/31,Millennium, 1.5815 
2022/4/30,Millennium, 1.6131 
2022/5/31,Millennium, 1.6018 
2022/6/30,Millennium, 1.6162 
2022/7/31,Millennium, 1.6227 
2022/8/31,Millennium, 1.6470 
2022/9/30,Millennium, 1.6635 
2022/10/31,Millennium, 1.6718 
2022/11/30,Millennium, 1.6668 
2022/12/31,Millennium, 1.6985 
2023/1/31,Millennium, 1.6900 
2023/2/28,Millennium, 1.7035 
2023/3/31,Millennium, 1.7001 
2023/4/30,Millennium, 1.7001 
2023/5/31,Millennium, 1.7154 
2023/6/30,Millennium, 1.7326 
2023/7/31,Millennium, 1.7464 
2023/8/31,Millennium, 1.7779 
2023/9/30,Millennium, 1.8045 
2023/10/31,Millennium, 1.8135 
2023/11/30,Millennium, 1.8335 
2023/12/31,Millennium, 1.8353 
2024/1/31,Millennium, 1.8610 
2024/2/29,Millennium, 1.8629 
2024/3/31,Millennium, 1.8964 
2024/4/30,Millennium, 1.9173 
2024/5/31,Millennium, 1.9307 
2024/6/30,Millennium, 1.9494 
2024/7/31,Millennium, 1.9557 
2024/8/31,Millennium, 1.9703 
2024/9/30,Millennium, 1.9920 
2024/10/31,Millennium, 1.9992 
2024/11/30,Millennium, 2.0412 
2024/12/31,Millennium, 2.0636 
2025/1/31,Millennium, 2.0743 
2025/2/28,Millennium, 2.0476 
2025/3/31,Millennium, 2.0222 
2025/4/30,Millennium, 2.0345 
2025/5/31,Millennium, 2.0701 
2025/6/30,Millennium, 2.1062 
2025/7/31,Millennium, 2.1232 
2025/8/31,Millennium, 2.1510 
2025/9/30,Millennium, 2.1824 
2025/10/31,Millennium, 2.2174 
2025/11/30,Millennium, 2.2278 
2025/12/31,Millennium, 2.2991 
2026/1/31,Millennium, 2.3299 
2018/1/31,P72, 1.0000 
2018/2/28,P72, 0.9860 
2018/3/31,P72, 0.9939 
2018/4/30,P72, 1.0078 
2018/5/31,P72, 1.0249 
2018/6/30,P72, 1.0260 
2018/7/31,P72, 1.0393 
2018/8/31,P72, 1.0414 
2018/9/30,P72, 1.0403 
2018/10/31,P72, 1.0102 
2018/11/30,P72, 0.9607 
2018/12/31,P72, 0.9616 
2019/1/31,P72, 0.9924 
2019/2/28,P72, 0.9944 
2019/3/31,P72, 1.0053 
2019/4/30,P72, 1.0295 
2019/5/31,P72, 1.0377 
2019/6/30,P72, 1.0398 
2019/7/31,P72, 1.0522 
2019/8/31,P72, 1.0701 
2019/9/30,P72, 1.0487 
2019/10/31,P72, 1.0624 
2019/11/30,P72, 1.0730 
2019/12/31,P72, 1.0869 
2020/1/31,P72, 1.0935 
2020/2/29,P72, 1.1022 
2020/3/31,P72, 1.0757 
2020/4/30,P72, 1.1005 
2020/5/31,P72, 1.1137 
2020/6/30,P72, 1.1215 
2020/7/31,P72, 1.1574 
2020/8/31,P72, 1.1805 
2020/9/30,P72, 1.1888 
2020/10/31,P72, 1.2054 
2020/11/30,P72, 1.2163 
2020/12/31,P72, 1.2540 
2021/1/31,P72, 1.1311 
2021/2/28,P72, 1.2238 
2021/3/31,P72, 1.2361 
2021/4/30,P72, 1.2608 
2021/5/31,P72, 1.2570 
2021/6/30,P72, 1.2520 
2021/7/31,P72, 1.2620 
2021/8/31,P72, 1.2835 
2021/9/30,P72, 1.3220 
2021/10/31,P72, 1.3233 
2021/11/30,P72, 1.3206 
2021/12/31,P72, 1.3431 
2022/1/31,P72, 1.3243 
2022/2/28,P72, 1.3203 
2022/3/31,P72, 1.3401 
2022/4/30,P72, 1.3763 
2022/5/31,P72, 1.3612 
2022/6/30,P72, 1.3952 
2022/7/31,P72, 1.3938 
2022/8/31,P72, 1.4217 
2022/9/30,P72, 1.4373 
2022/10/31,P72, 1.4301 
2022/11/30,P72, 1.4316 
2022/12/31,P72, 1.4659 
2023/1/31,P72, 1.4835 
2023/2/28,P72, 1.4865 
2023/3/31,P72, 1.5058 
2023/4/30,P72, 1.5284 
2023/5/31,P72, 1.5376 
2023/6/30,P72, 1.5468 
2023/7/31,P72, 1.5390 
2023/8/31,P72, 1.5498 
2023/9/30,P72, 1.5576 
2023/10/31,P72, 1.5731 
2023/11/30,P72, 1.5920 
2023/12/31,P72, 1.6032 
2024/1/31,P72, 1.6304 
2024/2/29,P72, 1.6435 
2024/3/31,P72, 1.6829 
2024/4/30,P72, 1.6913 
2024/5/31,P72, 1.7082 
2024/6/30,P72, 1.7322 
2024/7/31,P72, 1.7320 
2024/8/31,P72, 1.7580 
2024/9/30,P72, 1.7685 
2024/10/31,P72, 1.8056 
2024/11/30,P72, 1.8381 
2024/12/31,P72, 1.8859 
2025/1/31,P72, 1.9218 
2025/2/28,P72, 1.9102 
2025/3/31,P72, 1.8911 
2025/4/30,P72, 1.9327 
2025/5/31,P72, 1.9501 
2025/6/30,P72, 1.9774 
2025/7/31,P72, 2.0012 
2025/8/31,P72, 2.0392 
2025/9/30,P72, 2.0494 
2025/10/31,P72, 2.1068 
2025/11/30,P72, 2.1405 
2025/12/31,P72, 2.1854 
2026/1/31,P72, 2.2438 
2020/2/29,Pinewood, 1.0000 
2020/3/31,Pinewood, 0.9320 
2020/4/30,Pinewood, 0.9680 
2020/5/31,Pinewood, 0.9800 
2020/6/30,Pinewood, 1.1064 
2020/7/31,Pinewood, 1.3720 
2020/8/31,Pinewood, 1.3112 
2020/9/30,Pinewood, 1.2320 
2020/10/31,Pinewood, 1.2792 
2020/11/30,Pinewood, 1.4000 
2020/12/31,Pinewood, 1.5552 
2021/1/31,Pinewood, 1.6499 
2021/2/28,Pinewood, 1.7271 
2021/3/31,Pinewood, 1.6815 
2021/4/30,Pinewood, 1.7697 
2021/5/31,Pinewood, 1.8328 
2021/6/30,Pinewood, 1.9584 
2021/7/31,Pinewood, 2.2199 
2021/8/31,Pinewood, 2.1787 
2021/9/30,Pinewood, 2.0642 
2021/10/31,Pinewood, 2.1648 
2021/11/30,Pinewood, 2.3256 
2021/12/31,Pinewood, 2.3815 
2022/1/31,Pinewood, 2.1331 
2022/2/28,Pinewood, 2.1424 
2022/3/31,Pinewood, 1.9320 
2022/4/30,Pinewood, 1.6862 
2022/5/31,Pinewood, 1.7538 
2022/6/30,Pinewood, 1.9692 
2022/7/31,Pinewood, 2.0182 
2022/8/31,Pinewood, 2.0706 
2022/9/30,Pinewood, 1.9058 
2022/10/31,Pinewood, 2.0985 
2022/11/30,Pinewood, 2.1331 
2022/12/31,Pinewood, 2.0089 
2023/1/31,Pinewood, 2.2252 
2023/2/28,Pinewood, 2.1314 
2023/3/31,Pinewood, 2.1432 
2023/4/30,Pinewood, 2.0604 
2023/5/31,Pinewood, 2.0672 
2023/6/30,Pinewood, 2.3215 
2023/7/31,Pinewood, 2.1255 
2023/8/31,Pinewood, 1.8408 
2023/9/30,Pinewood, 1.8002 
2023/10/31,Pinewood, 1.8129 
2023/11/30,Pinewood, 1.8847 
2023/12/31,Pinewood, 1.8501 
2024/1/31,Pinewood, 1.6009 
2024/2/29,Pinewood, 1.6043 
2024/3/31,Pinewood, 1.7766 
2024/4/30,Pinewood, 1.7986 
2024/5/31,Pinewood, 1.7656 
2024/6/30,Pinewood, 2.0756 
2024/7/31,Pinewood, 2.1238 
2024/8/31,Pinewood, 2.1517 
2024/9/30,Pinewood, 2.6011 
2024/10/31,Pinewood, 3.0019 
2024/11/30,Pinewood, 3.3168 
2024/12/31,Pinewood, 3.5878 
2025/1/31,Pinewood, 3.4701 
2025/2/28,Pinewood, 3.8179 
2025/3/31,Pinewood, 3.5411 
2025/4/30,Pinewood, 3.4460 
2025/5/31,Pinewood, 3.4818 
2025/6/30,Pinewood, 3.8821 
2025/7/31,Pinewood, 4.5859 
2025/8/31,Pinewood, 6.3334 
2025/9/30,Pinewood, 7.5141 
2025/10/31,Pinewood, 8.5515 
2025/11/30,Pinewood, 9.0179 
2025/12/31,Pinewood, 10.5091 
2026/1/31,Pinewood, 12.9052 
2015/12/31,Riverview PPF, 1.0000 
2016/1/31,Riverview PPF, 0.9762 
2016/2/29,Riverview PPF, 0.9603 
2016/3/31,Riverview PPF, 0.9608 
2016/4/30,Riverview PPF, 0.9716 
2016/5/31,Riverview PPF, 0.9801 
2016/6/30,Riverview PPF, 0.9760 
2016/7/31,Riverview PPF, 0.9915 
2016/8/31,Riverview PPF, 1.0018 
2016/9/30,Riverview PPF, 1.0056 
2016/10/31,Riverview PPF, 1.0099 
2016/11/30,Riverview PPF, 1.0145 
2016/12/31,Riverview PPF, 1.0184 
2017/1/31,Riverview PPF, 1.0313 
2017/2/28,Riverview PPF, 1.0368 
2017/3/31,Riverview PPF, 1.0453 
2017/4/30,Riverview PPF, 1.0467 
2017/5/31,Riverview PPF, 1.0509 
2017/6/30,Riverview PPF, 1.0453 
2017/7/31,Riverview PPF, 1.0575 
2017/8/31,Riverview PPF, 1.0715 
2017/9/30,Riverview PPF, 1.0806 
2017/10/31,Riverview PPF, 1.0878 
2017/11/30,Riverview PPF, 1.0903 
2017/12/31,Riverview PPF, 1.0950 
2018/1/31,Riverview PPF, 1.1309 
2018/2/28,Riverview PPF, 1.1252 
2018/3/31,Riverview PPF, 1.1346 
2018/4/30,Riverview PPF, 1.1456 
2018/5/31,Riverview PPF, 1.1559 
2018/6/30,Riverview PPF, 1.1557 
2018/7/31,Riverview PPF, 1.1638 
2018/8/31,Riverview PPF, 1.1689 
2018/9/30,Riverview PPF, 1.1741 
2018/10/31,Riverview PPF, 1.1520 
2018/11/30,Riverview PPF, 1.1318 
2018/12/31,Riverview PPF, 1.1226 
2019/1/31,Riverview PPF, 1.1538 
2019/2/28,Riverview PPF, 1.1643 
2019/3/31,Riverview PPF, 1.1694 
2019/4/30,Riverview PPF, 1.1852 
2019/5/31,Riverview PPF, 1.1823 
2019/6/30,Riverview PPF, 1.1983 
2019/7/31,Riverview PPF, 1.2093 
2019/8/31,Riverview PPF, 1.1890 
2019/9/30,Riverview PPF, 1.1890 
2019/10/31,Riverview PPF, 1.1948 
2019/11/30,Riverview PPF, 1.2029 
2019/12/31,Riverview PPF, 1.2282 
2020/1/31,Riverview PPF, 1.2373 
2020/2/29,Riverview PPF, 1.2129 
2020/3/31,Riverview PPF, 1.1630 
2020/4/30,Riverview PPF, 1.1966 
2020/5/31,Riverview PPF, 1.2185 
2020/6/30,Riverview PPF, 1.2260 
2020/7/31,Riverview PPF, 1.2456 
2020/8/31,Riverview PPF, 1.2734 
2020/9/30,Riverview PPF, 1.2674 
2020/10/31,Riverview PPF, 1.2716 
2020/11/30,Riverview PPF, 1.2922 
2020/12/31,Riverview PPF, 1.3333 
2021/1/31,Riverview PPF, 1.3053 
2021/2/28,Riverview PPF, 1.3307 
2021/3/31,Riverview PPF, 1.3475 
2021/4/30,Riverview PPF, 1.3700 
2021/5/31,Riverview PPF, 1.3752 
2021/6/30,Riverview PPF, 1.3644 
2021/7/31,Riverview PPF, 1.3653 
2021/8/31,Riverview PPF, 1.3798 
2021/9/30,Riverview PPF, 1.4005 
2021/10/31,Riverview PPF, 1.3735 
2021/11/30,Riverview PPF, 1.3752 
2021/12/31,Riverview PPF, 1.3869 
2022/1/31,Riverview PPF, 1.3910 
2022/2/28,Riverview PPF, 1.3999 
2022/3/31,Riverview PPF, 1.4158 
2022/4/30,Riverview PPF, 1.4553 
2022/5/31,Riverview PPF, 1.4511 
2022/6/30,Riverview PPF, 1.4618 
2022/7/31,Riverview PPF, 1.4705 
2022/8/31,Riverview PPF, 1.4944 
2022/9/30,Riverview PPF, 1.5189 
2022/10/31,Riverview PPF, 1.5206 
2022/11/30,Riverview PPF, 1.5127 
2022/12/31,Riverview PPF, 1.5457 
2023/1/31,Riverview PPF, 1.5358 
2023/2/28,Riverview PPF, 1.5419 
2023/3/31,Riverview PPF, 1.5333 
2023/4/30,Riverview PPF, 1.5388 
2023/5/31,Riverview PPF, 1.5385 
2023/6/30,Riverview PPF, 1.5482 
2023/7/31,Riverview PPF, 1.5607 
2023/8/31,Riverview PPF, 1.5753 
2023/9/30,Riverview PPF, 1.5967 
2023/10/31,Riverview PPF, 1.6110 
2023/11/30,Riverview PPF, 1.6188 
2023/12/31,Riverview PPF, 1.6264 
2024/1/31,Riverview PPF, 1.6544 
2024/2/29,Riverview PPF, 1.6699 
2024/3/31,Riverview PPF, 1.6943 
2024/4/30,Riverview PPF, 1.7034 
2024/5/31,Riverview PPF, 1.7065 
2024/6/30,Riverview PPF, 1.7307 
2024/7/31,Riverview PPF, 1.7337 
2024/8/31,Riverview PPF, 1.7524 
2024/9/30,Riverview PPF, 1.7599 
2024/10/31,Riverview PPF, 1.7760 
2024/11/30,Riverview PPF, 1.8241 
2024/12/31,Riverview PPF, 1.8520 
2025/1/31,Riverview PPF, 1.8786 
2025/2/28,Riverview PPF, 1.8639 
2025/3/31,Riverview PPF, 1.8654 
2025/4/30,Riverview PPF, 1.9035 
2025/5/31,Riverview PPF, 1.9183 
2025/6/30,Riverview PPF, 1.9308 
2025/7/31,Riverview PPF, 1.9424 
2025/8/31,Riverview PPF, 1.9573 
2025/9/30,Riverview PPF, 1.9789 
2025/10/31,Riverview PPF, 2.0121 
2025/11/30,Riverview PPF, 2.0324 
2025/12/31,Riverview PPF, 2.0674 
2026/1/31,Riverview PPF, 2.0959 
2016/12/31,TCI, 1.0000 
2017/1/31,TCI, 1.0710 
2017/2/28,TCI, 1.0785 
2017/3/31,TCI, 1.1055 
2017/4/30,TCI, 1.1652 
2017/5/31,TCI, 1.2176 
2017/6/30,TCI, 1.1786 
2017/7/31,TCI, 1.2222 
2017/8/31,TCI, 1.2406 
2017/9/30,TCI, 1.2195 
2017/10/31,TCI, 1.2329 
2017/11/30,TCI, 1.2428 
2017/12/31,TCI, 1.2614 
2018/1/31,TCI, 1.3661 
2018/2/28,TCI, 1.2992 
2018/3/31,TCI, 1.2485 
2018/4/30,TCI, 1.2635 
2018/5/31,TCI, 1.2736 
2018/6/30,TCI, 1.3665 
2018/7/31,TCI, 1.3679 
2018/8/31,TCI, 1.3624 
2018/9/30,TCI, 1.3774 
2018/10/31,TCI, 1.3072 
2018/11/30,TCI, 1.3503 
2018/12/31,TCI, 1.2558 
2019/1/31,TCI, 1.3889 
2019/2/28,TCI, 1.4514 
2019/3/31,TCI, 1.4906 
2019/4/30,TCI, 1.5681 
2019/5/31,TCI, 1.5132 
2019/6/30,TCI, 1.5768 
2019/7/31,TCI, 1.6130 
2019/8/31,TCI, 1.6098 
2019/9/30,TCI, 1.6082 
2019/10/31,TCI, 1.6774 
2019/11/30,TCI, 1.7126 
2019/12/31,TCI, 1.7451 
2020/1/31,TCI, 1.8114 
2020/2/29,TCI, 1.6466 
2020/3/31,TCI, 1.3486 
2020/4/30,TCI, 1.5077 
2020/5/31,TCI, 1.6193 
2020/6/30,TCI, 1.6371 
2020/7/31,TCI, 1.6829 
2020/8/31,TCI, 1.8209 
2020/9/30,TCI, 1.7372 
2020/10/31,TCI, 1.6937 
2020/11/30,TCI, 1.9546 
2020/12/31,TCI, 1.9780 
2021/1/31,TCI, 1.8633 
2021/2/28,TCI, 2.0068 
2021/3/31,TCI, 2.0489 
2021/4/30,TCI, 2.1985 
2021/5/31,TCI, 2.2227 
2021/6/30,TCI, 2.2649 
2021/7/31,TCI, 2.3283 
2021/8/31,TCI, 2.4051 
2021/9/30,TCI, 2.2729 
2021/10/31,TCI, 2.4251 
2021/11/30,TCI, 2.2990 
2021/12/31,TCI, 2.3887 
2022/1/31,TCI, 2.2597 
2022/2/28,TCI, 2.2371 
2022/3/31,TCI, 2.3288 
2022/4/30,TCI, 2.1565 
2022/5/31,TCI, 2.1134 
2022/6/30,TCI, 1.9739 
2022/7/31,TCI, 2.1792 
2022/8/31,TCI, 2.0550 
2022/9/30,TCI, 1.7878 
2022/10/31,TCI, 1.9505 
2022/11/30,TCI, 2.1124 
2022/12/31,TCI, 1.9835 
2023/1/31,TCI, 2.1720 
2023/2/28,TCI, 2.1307 
2023/3/31,TCI, 2.2095 
2023/4/30,TCI, 2.3001 
2023/5/31,TCI, 2.2702 
2023/6/30,TCI, 2.3747 
2023/7/31,TCI, 2.4103 
2023/8/31,TCI, 2.3693 
2023/9/30,TCI, 2.2769 
2023/10/31,TCI, 2.2245 
2023/11/30,TCI, 2.4603 
2023/12/31,TCI, 2.5514 
2024/1/31,TCI, 2.6203 
2024/2/29,TCI, 2.7146 
2024/3/31,TCI, 2.8313 
2024/4/30,TCI, 2.7379 
2024/5/31,TCI, 2.8501 
2024/6/30,TCI, 2.7447 
2024/7/31,TCI, 2.8380 
2024/8/31,TCI, 2.8919 
2024/9/30,TCI, 2.9382 
2024/10/31,TCI, 2.8412 
2024/11/30,TCI, 2.9520 
2024/12/31,TCI, 2.8841 
2025/1/31,TCI, 3.1004 
2025/2/28,TCI, 3.1128 
2025/3/31,TCI, 3.0195 
2025/4/30,TCI, 3.0557 
2025/5/31,TCI, 3.3429 
2025/6/30,TCI, 3.4733 
2025/7/31,TCI, 3.4907 
2025/8/31,TCI, 3.5081 
2025/9/30,TCI, 3.5748 
2025/10/31,TCI, 3.6284 
2025/11/30,TCI, 3.5885 
2025/12/31,TCI, 3.6459 
2026/1/31,TCI, 3.5952 
2023/6/30,Valliance*, 1.0000 
2023/7/31,Valliance*, 1.0010 
2023/8/31,Valliance*, 1.0150 
2023/9/30,Valliance*, 1.0201 
2023/10/31,Valliance*, 0.9854 
2023/11/30,Valliance*, 1.0317 
2023/12/31,Valliance*, 1.0678 
2024/1/31,Valliance*, 1.1255 
2024/2/29,Valliance*, 1.1266 
2024/3/31,Valliance*, 1.0951 
2024/4/30,Valliance*, 1.0797 
2024/5/31,Valliance*, 1.1542 
2024/6/30,Valliance*, 1.2616 
2024/7/31,Valliance*, 1.2099 
2024/8/31,Valliance*, 1.2570 
2024/9/30,Valliance*, 1.4984 
2024/10/31,Valliance*, 1.3830 
2024/11/30,Valliance*, 1.2848 
2024/12/31,Valliance*, 1.4750 
2025/1/31,Valliance*, 1.5281 
2025/2/28,Valliance*, 1.4654 
2025/3/31,Valliance*, 1.2691 
2025/4/30,Valliance*, 1.2906 
2025/5/31,Valliance*, 1.2971 
2025/6/30,Valliance*, 1.4813 
2025/7/31,Valliance*, 1.8753 
2025/8/31,Valliance*, 2.2166 
2025/9/30,Valliance*, 2.2654 
2025/10/31,Valliance*, 2.5938 
2025/11/30,Valliance*, 2.5160 
2025/12/31,Valliance*, 2.5085 
2026/1/31,Valliance*, 3.4968 
2025/1/31,WT Growth, 1.0000 
2025/2/28,WT Growth, 1.0200 
2025/3/31,WT Growth, 0.9486 
2025/4/30,WT Growth, 0.9182 
2025/5/31,WT Growth, 0.9733 
2025/6/30,WT Growth, 1.0989 
2025/7/31,WT Growth, 1.3033 
2025/8/31,WT Growth, 1.5822 
2025/9/30,WT Growth, 1.7436 
2025/10/31,WT Growth, 1.8534 
2025/11/30,WT Growth, 1.9202 
2025/12/31,WT Growth, 2.1122 
2026/1/31,WT Growth, 2.7707 
2017/5/31,WT LS*, 1.0000 
2017/6/30,WT LS*, 1.0000 
2017/7/31,WT LS*, 1.0160 
2017/8/31,WT LS*, 1.0617 
2017/9/30,WT LS*, 1.0660 
2017/10/31,WT LS*, 1.1011 
2017/11/30,WT LS*, 1.1452 
2017/12/31,WT LS*, 1.1635 
2018/1/31,WT LS*, 1.2275 
2018/2/28,WT LS*, 1.2251 
2018/3/31,WT LS*, 1.2287 
2018/4/30,WT LS*, 1.2619 
2018/5/31,WT LS*, 1.3414 
2018/6/30,WT LS*, 1.3132 
2018/7/31,WT LS*, 1.3342 
2018/8/31,WT LS*, 1.4036 
2018/9/30,WT LS*, 1.4120 
2018/10/31,WT LS*, 1.4445 
2018/11/30,WT LS*, 1.4792 
2018/12/31,WT LS*, 1.4999 
2019/1/31,WT LS*, 1.5179 
2019/2/28,WT LS*, 1.5088 
2019/3/31,WT LS*, 1.5782 
2019/4/30,WT LS*, 1.5782 
2019/5/31,WT LS*, 1.6871 
2019/6/30,WT LS*, 1.6972 
2019/7/31,WT LS*, 1.7108 
2019/8/31,WT LS*, 1.7707 
2019/9/30,WT LS*, 1.8008 
2019/10/31,WT LS*, 1.8512 
2019/11/30,WT LS*, 1.8419 
2019/12/31,WT LS*, 1.8438 
2020/1/31,WT LS*, 1.8401 
2020/2/29,WT LS*, 1.9266 
2020/3/31,WT LS*, 1.9632 
2020/4/30,WT LS*, 2.0260 
2020/5/31,WT LS*, 2.1455 
2020/6/30,WT LS*, 2.2442 
2020/7/31,WT LS*, 2.4372 
2020/8/31,WT LS*, 2.6103 
2020/9/30,WT LS*, 2.5607 
2020/10/31,WT LS*, 2.6529 
2020/11/30,WT LS*, 2.7086 
2020/12/31,WT LS*, 2.9794 
2021/1/31,WT LS*, 2.6785 
2021/2/28,WT LS*, 2.6999 
2021/3/31,WT LS*, 2.8430 
2021/4/30,WT LS*, 2.9681 
2021/5/31,WT LS*, 3.0037 
2021/6/30,WT LS*, 2.9737 
2021/7/31,WT LS*, 3.0332 
2021/8/31,WT LS*, 3.0150 
2021/9/30,WT LS*, 2.9728 
2021/10/31,WT LS*, 3.1393 
2021/11/30,WT LS*, 3.1581 
2021/12/31,WT LS*, 3.0254 
2022/1/31,WT LS*, 2.9801 
2022/2/28,WT LS*, 2.9264 
2022/3/31,WT LS*, 2.8094 
2022/4/30,WT LS*, 2.8122 
2022/5/31,WT LS*, 2.6744 
2022/6/30,WT LS*, 2.7519 
2022/7/31,WT LS*, 2.7217 
2022/8/31,WT LS*, 2.7217 
2022/9/30,WT LS*, 2.8006 
2022/10/31,WT LS*, 2.7726 
2022/11/30,WT LS*, 2.7587 
2022/12/31,WT LS*, 2.8801 
2023/1/31,WT LS*, 2.8628 
2023/2/28,WT LS*, 2.8227 
2023/3/31,WT LS*, 2.9018 
2023/4/30,WT LS*, 2.8757 
2023/5/31,WT LS*, 2.8642 
2023/6/30,WT LS*, 2.8642 
2023/7/31,WT LS*, 2.7754 
2023/8/31,WT LS*, 2.8670 
2023/9/30,WT LS*, 2.8240 
2023/10/31,WT LS*, 2.9821 
2023/11/30,WT LS*, 3.0537 
2023/12/31,WT LS*, 2.9102 
2024/1/31,WT LS*, 3.1924 
2024/2/29,WT LS*, 3.2339 
2024/3/31,WT LS*, 3.2857 
2024/4/30,WT LS*, 3.2890 
2024/5/31,WT LS*, 3.5225 
2024/6/30,WT LS*, 3.5436 
2024/7/31,WT LS*, 3.4338 
2024/8/31,WT LS*, 3.4578 
2024/9/30,WT LS*, 3.5062 
2024/10/31,WT LS*, 3.7271 
2024/11/30,WT LS*, 3.7606 
2024/12/31,WT LS*, 3.8923 
2025/1/31,WT LS*, 3.9740 
2025/2/28,WT LS*, 3.9621 
2025/3/31,WT LS*, 3.8472 
2025/4/30,WT LS*, 3.8010 
2025/5/31,WT LS*, 3.9379 
2025/6/30,WT LS*, 4.2056 
2025/7/31,WT LS*, 4.6178 
2025/8/31,WT LS*, 5.0565 
2025/9/30,WT LS*, 5.3143 
2025/10/31,WT LS*, 5.5057 
2025/11/30,WT LS*, 5.5772 
2025/12/31,WT LS*, 5.8728 
2026/1/31,WT LS*, 6.8301 
2015/7/31,했都*, 1.0000 
2015/8/31,했都*, 0.9789 
2015/9/30,했都*, 0.9770 
2015/10/31,했都*, 1.0503 
2015/11/30,했都*, 1.0676 
2015/12/31,했都*, 1.1144 
2016/1/31,했都*, 1.0989 
2016/2/29,했都*, 1.1361 
2016/3/31,했都*, 1.1614 
2016/4/30,했都*, 1.1509 
2016/5/31,했都*, 1.1400 
2016/6/30,했都*, 1.1263 
2016/7/31,했都*, 1.1307 
2016/8/31,했都*, 1.1902 
2016/9/30,했都*, 1.2077 
2016/10/31,했都*, 1.1825 
2016/11/30,했都*, 1.1633 
2016/12/31,했都*, 1.1621 
2017/1/31,했都*, 1.2026 
2017/2/28,했都*, 1.2210 
2017/3/31,했都*, 1.2890 
2017/4/30,했都*, 1.3331 
2017/5/31,했都*, 1.3237 
2017/6/30,했都*, 1.3554 
2017/7/31,했都*, 1.4047 
2017/8/31,했都*, 1.4608 
2017/9/30,했都*, 1.4800 
2017/10/31,했都*, 1.5351 
2017/11/30,했都*, 1.5624 
2017/12/31,했都*, 1.5740 
2018/1/31,했都*, 1.6144 
2018/2/28,했都*, 1.5718 
2018/3/31,했都*, 1.5409 
2018/4/30,했都*, 1.4843 
2018/5/31,했都*, 1.6215 
2018/6/30,했都*, 1.5979 
2018/7/31,했都*, 1.5377 
2018/8/31,했都*, 1.4974 
2018/9/30,했都*, 1.4832 
2018/10/31,했都*, 1.4130 
2018/11/30,했都*, 1.4212 
2018/12/31,했都*, 1.4217 
2019/1/31,했都*, 1.5597 
2019/2/28,했都*, 1.5879 
2019/3/31,했都*, 1.6148 
2019/4/30,했都*, 1.6477 
2019/5/31,했都*, 1.6002 
2019/6/30,했都*, 1.7166 
2019/7/31,했都*, 1.8077 
2019/8/31,했都*, 1.8309 
2019/9/30,했都*, 1.8364 
2019/10/31,했都*, 1.9041 
2019/11/30,했都*, 1.8839 
2019/12/31,했都*, 1.9974 
2020/1/31,했都*, 2.0803 
2020/2/29,했都*, 2.1801 
2020/3/31,했都*, 2.2278 
2020/4/30,했都*, 2.3179 
2020/5/31,했都*, 2.3573 
2020/6/30,했都*, 2.5336 
2020/7/31,했都*, 3.0375 
2020/8/31,했都*, 3.0800 
2020/9/30,했都*, 3.0443 
2020/10/31,했都*, 3.0273 
2020/11/30,했都*, 3.1020 
2020/12/31,했都*, 3.3133 
2021/1/31,했都*, 3.4064 
2021/2/28,했都*, 3.4650 
2021/3/31,했都*, 3.3922 
2021/4/30,했都*, 3.4373 
2021/5/31,했都*, 3.5401 
2021/6/30,했都*, 3.5840 
2021/7/31,했都*, 3.5109 
2021/8/31,했都*, 3.4849 
2021/9/30,했都*, 3.4814 
2021/10/31,했都*, 3.5490 
2021/11/30,했都*, 3.5291 
2021/12/31,했都*, 3.4878 
2022/1/31,했都*, 3.5115 
2022/2/28,했都*, 3.4599 
2022/3/31,했都*, 3.4194 
2022/4/30,했都*, 3.4030 
2022/5/31,했都*, 3.4687 
2022/6/30,했都*, 3.6490 
2022/7/31,했都*, 3.5885 
2022/8/31,했都*, 3.7478 
2022/9/30,했都*, 3.6380 
2022/10/31,했都*, 3.5812 
2022/11/30,했都*, 4.0987 
2022/12/31,했都*, 4.1536 
2023/1/31,했都*, 4.4747 
2023/2/28,했都*, 4.5065 
2023/3/31,했都*, 4.5903 
2023/4/30,했都*, 4.5678 
2023/5/31,했都*, 4.3815 
2023/6/30,했都*, 4.4914 
2023/7/31,했都*, 4.7313 
2023/8/31,했都*, 4.7123 
2023/9/30,했都*, 4.6860 
2023/10/31,했都*, 4.5983 
2023/11/30,했都*, 4.7869 
2023/12/31,했都*, 4.7668 
2024/1/31,했都*, 4.5794 
2024/2/29,했都*, 4.9279 
2024/3/31,했都*, 5.0649 
2024/4/30,했都*, 5.2032 
2024/5/31,했都*, 5.3593 
2024/6/30,했都*, 5.4263 
2024/7/31,했都*, 5.3264 
2024/8/31,했都*, 5.4234 
2024/9/30,했都*, 5.9348 
2024/10/31,했都*, 5.9004 
2024/11/30,했都*, 5.7771 
2024/12/31,했都*, 5.9556 
2025/1/31,했都*, 6.0592 
2025/2/28,했都*, 6.1531 
2025/3/31,했都*, 6.2934 
2025/4/30,했都*, 6.1902 
2025/5/31,했都*, 6.3957 
2025/6/30,했都*, 6.5703 
2025/7/31,했都*, 6.7070 
2025/8/31,했都*, 6.9196 
2025/9/30,했都*, 7.3458 
2025/10/31,했都*, 7.4281 
2025/11/30,했都*, 7.5328 
2025/12/31,했都*, 7.5215 
2026/1/31,했都*, 7.6727 
2022/8/31,哉좆*, 1.0000 
2022/9/30,哉좆*, 0.9940 
2022/10/31,哉좆*, 1.0332 
2022/11/30,哉좆*, 1.1084 
2022/12/31,哉좆*, 1.0772 
2023/1/31,哉좆*, 1.1428 
2023/2/28,哉좆*, 1.2364 
2023/3/31,哉좆*, 1.2628 
2023/4/30,哉좆*, 1.1980 
2023/5/31,哉좆*, 1.2636 
2023/6/30,哉좆*, 1.3356 
2023/7/31,哉좆*, 1.3116 
2023/8/31,哉좆*, 1.2708 
2023/9/30,哉좆*, 1.3596 
2023/10/31,哉좆*, 1.3596 
2023/11/30,哉좆*, 1.4852 
2023/12/31,哉좆*, 1.4812 
2024/1/31,哉좆*, 1.3612 
2024/2/29,哉좆*, 1.5524 
2024/3/31,哉좆*, 1.6936 
2024/4/30,哉좆*, 1.8060 
2024/5/31,哉좆*, 1.7953 
2024/6/30,哉좆*, 1.6536 
2024/7/31,哉좆*, 1.6060 
2024/8/31,哉좆*, 1.6398 
2024/9/30,哉좆*, 1.9722 
2024/10/31,哉좆*, 2.0742 
2024/11/30,哉좆*, 2.3449 
2024/12/31,哉좆*, 2.3741 
2025/1/31,哉좆*, 2.4348 
2025/2/28,哉좆*, 2.6430 
2025/3/31,哉좆*, 2.7480 
2025/4/30,哉좆*, 2.7830 
2025/5/31,哉좆*, 2.8771 
2025/6/30,哉좆*, 3.0571 
2025/7/31,哉좆*, 3.2032 
2025/8/31,哉좆*, 3.1724 
2025/9/30,哉좆*, 3.0110 
2025/10/31,哉좆*, 3.1332 
2025/11/30,哉좆*, 3.2028 
2025/12/31,哉좆*, 3.2883 
2026/1/31,哉좆*, 3.5421 
2024/12/31,돛寧*, 1.0000 
2025/1/31,돛寧*, 1.0423 
2025/2/28,돛寧*, 1.1145 
2025/3/31,돛寧*, 1.2086 
2025/4/30,돛寧*, 1.2729 
2025/5/31,돛寧*, 1.3595 
2025/6/30,돛寧*, 1.4089 
2025/7/31,돛寧*, 1.4807 
2025/8/31,돛寧*, 1.5418 
2025/9/30,돛寧*, 1.5760 
2025/10/31,돛寧*, 1.5923 
2025/11/30,돛寧*, 1.5975 
2025/12/31,돛寧*, 1.6001 
2026/1/31,돛寧*, 1.7060 
